{"1": {"0": 5.832801561832428, "1": 5.657166942596436, "2": 5.626101202487946, "3": 5.603833084106445, "4": 5.5805406713485715, "5": 5.55799588727951, "6": 5.518801201820374, "7": 5.4316941542625425, "8": 5.181112802505493, "9": 4.917762900829315}, "2": {"0": 4.792246959686279, "1": 4.661591310739517, "2": 4.557147863388061, "3": 4.473598246574402, "4": 4.445534548521042, "5": 4.350621750116348, "6": 4.337594745159149, "7": 4.308929114341736, "8": 4.014824301958084, "9": 3.947815132379532}, "3": {"0": 4.089147536039352, "1": 4.048274081230163, "2": 4.0246392664909365, "3": 4.002606622219085, "4": 3.96371395611763, "5": 3.9186820051670073}, "4": {"0": 3.9721889190673827, "1": 3.9632494003772734, "2": 3.9613748478889463, "3": 3.9619067595005037, "4": 3.9485802280902864, "5": 3.9435988092422485}, "5": {"0": 3.962010708808899, "1": 3.957332599401474, "2": 3.953245606660843, "3": 3.955843759059906, "4": 3.959621164083481, "5": 3.9560903220176695}}