{"1": {"0": 5.66797645187378, "1": 5.643072956085205, "2": 5.6329816131591794, "3": 5.6178151245117185, "4": 5.6003781471252445, "5": 5.581002744674683, "6": 5.516287055969238, "7": 5.441960189819336, "8": 5.002415328979493, "9": 4.917182493209839}, "2": {"0": 4.761899126052857, "1": 4.672724306106567, "2": 4.6552653932571415, "3": 4.640088965415955, "4": 4.682092577934265, "5": 4.645281524658203, "6": 4.667132012367248, "7": 4.639718548774719, "8": 4.582095920562744, "9": 4.570728684425354}, "3": {"0": 3.7822023563385008, "1": 3.816070011138916, "2": 3.8599236135482786, "3": 3.8903319940567016, "4": 3.9246636838912963, "5": 3.9174175205230712}, "4": {"0": 3.6539418811798097, "1": 3.6565175189971924, "2": 3.6587795152664184, "3": 3.665431978225708, "4": 3.676065237045288, "5": 3.6771839389801024}, "5": {"0": 3.625958127975464, "1": 3.6272436380386353, "2": 3.6279335536956787, "3": 3.628392798423767, "4": 3.629534870147705, "5": 3.629665448188782}}