{"1": {"0": 5.155590265274048, "1": 5.149220273971558, "2": 5.140192123413086, "3": 5.131872522354126, "4": 5.124522695541382, "5": 5.125135625839233, "6": 5.123733837127686, "7": 5.125144090652466, "8": 5.117783697128296, "9": 5.12115330696106, "10": 5.114295249938965, "11": 5.121573865890503, "12": 5.1167578144073484, "13": 5.098671199798584, "14": 5.102463590621948, "15": 5.093224588394165, "16": 5.096033058166504, "17": 5.089302179336548, "18": 5.062825414657593, "19": 5.07479204750061}, "2": {"0": 5.016811069488526, "1": 5.063216833114624, "2": 5.071049919128418, "3": 5.090612064361572, "4": 5.099214912414551, "5": 5.0316828956604}, "3": {"0": 4.889428337097168, "1": 4.887262397766113, "2": 4.888610668182373, "3": 4.892463733673096, "4": 4.895635280609131, "5": 4.890903453826905, "6": 4.890940244674683}, "4": {"0": 4.777767362594605, "1": 4.7783168544769286, "2": 4.779957571029663, "3": 4.782745988845825, "4": 4.786503814697266, "5": 4.786930559158325}, "5": {"0": 4.7456165828704835, "1": 4.745815246582032, "2": 4.746067291259766, "3": 4.74646148109436, "4": 4.747117208480835, "5": 4.747195432662964}}