{"1": {"0": 5.295251887798309, "1": 5.13356760597229, "2": 5.110136943340302, "3": 5.094586072921753, "4": 5.081726378440857, "5": 5.071942070960999, "6": 5.065734442710877, "7": 5.057322749614715, "8": 5.05161471748352, "9": 5.044357275485992, "10": 5.0394997620582584, "11": 5.037084825515747, "12": 5.032632187366485, "13": 5.026932916641235, "14": 5.028593469142914, "15": 5.017964685440064, "16": 5.001535128593445, "17": 4.998267619132996, "18": 4.986740398406982, "19": 4.9733968634605406}, "2": {"0": 4.997076551437378, "1": 5.032499027252197, "2": 5.03098917388916, "3": 5.068785832405091, "4": 5.036732318878173, "5": 4.967116667747497}, "3": {"0": 4.94155651807785, "1": 4.908844117641449, "2": 4.888798599720001, "3": 4.872564454555511, "4": 4.8555224323272705, "5": 4.840392343997955, "6": 4.811452186107635}, "4": {"0": 4.836448958396912, "1": 4.8318882751464844, "2": 4.829215276241302, "3": 4.825665379524231, "4": 4.820048680782318, "5": 4.8148086323738095}, "5": {"0": 4.828639425754547, "1": 4.825448177814484, "2": 4.8264817328453065, "3": 4.827038437366485, "4": 4.823971514701843, "5": 4.825984448432922}}