{"1": {"0": 5.506501226902008, "1": 5.342480989456177, "2": 5.3188957161903385, "3": 5.297699421882629, "4": 5.278112020015716, "5": 5.251848882198334, "6": 5.164880289077759, "7": 4.864411262512207, "8": 4.606089585781097, "9": 4.430323656558991}, "2": {"0": 4.375489314556122, "1": 4.207689728021622, "2": 4.131339122056961, "3": 4.049321868181229, "4": 3.9799473373889924, "5": 3.724496205329895}, "3": {"0": 3.8050031712055206, "1": 3.76697332239151, "2": 3.7237643530368807, "3": 3.6940842990875242, "4": 3.6696434977054597, "5": 3.628291008234024}, "4": {"0": 3.6764553995132445, "1": 3.672054366827011, "2": 3.6672076156139375, "3": 3.6628129749298095, "4": 3.658649601459503, "5": 3.6535792076587676}, "5": {"0": 3.666701081752777, "1": 3.6636425263881685, "2": 3.668617570400238, "3": 3.6634372034072875, "4": 3.663064778327942, "5": 3.665642502307892}}