{"1": {"0": 5.377648332595825, "1": 5.356589838027954, "2": 5.338981254577637, "3": 5.328254198074341, "4": 5.3121155090332035, "5": 5.295973802566528, "6": 5.046789047241211, "7": 4.694590763092041, "8": 4.540547596931457, "9": 4.46794501209259}, "2": {"0": 4.148816554069519, "1": 4.164991073608398, "2": 4.195960188865661, "3": 4.222912910461425, "4": 4.21107675743103, "5": 4.155021031379699}, "3": {"0": 3.513793873786926, "1": 3.532764186859131, "2": 3.557688935279846, "3": 3.5869130544662475, "4": 3.6140106763839723, "5": 3.616785566329956}, "4": {"0": 3.3633781766891477, "1": 3.3680468282699585, "2": 3.3730452947616576, "3": 3.380483688354492, "4": 3.3876310453414917, "5": 3.3882166318893434}, "5": {"0": 3.3288569021224976, "1": 3.3295015335083007, "2": 3.3302169971466062, "3": 3.3309674701690675, "4": 3.332101354598999, "5": 3.3322338333129884}}