{"1": {"0": 5.292813448429108, "1": 5.133603180885315, "2": 5.1100534434318545, "3": 5.0943712158203125, "4": 5.080027306556702, "5": 5.07184649848938, "6": 5.064938658714294, "7": 5.0592220678329465, "8": 5.052499907016754, "9": 5.047805130958557, "10": 5.0461409792900085, "11": 5.040282398223877, "12": 5.0365196762084965, "13": 5.028697565555572, "14": 5.016409175872803, "15": 4.995544777870178, "16": 5.004331003189087, "17": 5.013456808567047, "18": 5.024079261302948, "19": 4.978622107028961}, "2": {"0": 4.968929603099823, "1": 4.966304406642914, "2": 4.942615958213806, "3": 4.963703397750854, "4": 4.876895238399506, "5": 4.736836400032043, "6": 4.70202558517456, "7": 4.678227411270141, "8": 4.655943830966949, "9": 4.634107060432434, "10": 4.613394787788391, "11": 4.591021118164062, "12": 4.563015945434571, "13": 4.522053454399109}, "3": {"0": 4.637678580284119, "1": 4.634610799789429, "2": 4.628671974658966, "3": 4.625428554058075, "4": 4.621012810230255, "5": 4.616289009094238}, "4": {"0": 4.625825435638427, "1": 4.6286105151176455, "2": 4.625484813213348, "3": 4.626571017742157, "4": 4.626953599929809, "5": 4.62354970741272}, "5": {"0": 4.620454416751862, "1": 4.6196312603950505, "2": 4.6207693586349485, "3": 4.619326865196228, "4": 4.622186005115509, "5": 4.621018898010254}}