{"1": {"0": 5.163459962844849, "1": 5.147487892150879, "2": 5.130102834701538, "3": 5.137451124191284, "4": 5.119257789611816, "5": 5.122845649719238, "6": 5.113054233551026, "7": 5.111688774108886, "8": 5.112069303512573, "9": 5.106144678115845, "10": 5.112246063232422, "11": 5.106883714675903, "12": 5.101429039001465, "13": 5.084319534301758, "14": 5.10555832862854, "15": 5.077760559082031, "16": 5.113811271667481, "17": 5.104171941757202, "18": 5.042235158920288, "19": 5.051161378860473}, "2": {"0": 4.94891526222229, "1": 5.055250560760498, "2": 4.970078851699829, "3": 5.024806282043457, "4": 4.974024141311646, "5": 4.943792762756348, "6": 4.940038223266601, "7": 4.9408647708892826, "8": 4.939351745605469, "9": 4.942824998855591, "10": 4.944227607727051, "11": 4.946624786376953, "12": 4.954057838439941, "13": 4.955780416488648}, "3": {"0": 4.449502576828003, "1": 4.453541833877564, "2": 4.458487810134888, "3": 4.46396356010437, "4": 4.471612733840942, "5": 4.472598285675049}, "4": {"0": 4.422012691497803, "1": 4.4226197891235355, "2": 4.423224521636963, "3": 4.423907928466797, "4": 4.424946834564209, "5": 4.4250814037323}, "5": {"0": 4.436471244812012, "1": 4.436531232833862, "2": 4.436609889984131, "3": 4.436709964752198, "4": 4.436828508377075, "5": 4.436842544555664}}