{"1": {"0": 5.513748340129852, "1": 5.351744054317474, "2": 5.330416138648987, "3": 5.316392090797424, "4": 5.306967828750611, "5": 5.295475329875946, "6": 5.289641352176666, "7": 5.283463324069976, "8": 5.279944741725922, "9": 5.272019549369812, "10": 5.267899441242218, "11": 5.262641380786896, "12": 5.25800623369217, "13": 5.2579617652893065, "14": 5.2534553899765015, "15": 5.2511645436286924, "16": 5.250804563522339, "17": 5.25240849161148, "18": 5.248021127700806, "19": 5.186405951023102}, "2": {"0": 5.180622730731964, "1": 5.166114069461822, "2": 5.1555924310684205, "3": 5.1451191010475155, "4": 5.142487325668335, "5": 5.126980511665344}, "3": {"0": 5.145758626937866, "1": 5.144609527587891, "2": 5.1424017720222475, "3": 5.141793178558349, "4": 5.1403990950584415, "5": 5.138860730171204}, "4": {"0": 5.140916993618012, "1": 5.139707334518433, "2": 5.1390364270210265, "3": 5.1403435544967655, "4": 5.138395699977875, "5": 5.140634970664978}, "5": {"0": 5.140199134349823, "1": 5.141090111255646, "2": 5.142087141513825, "3": 5.141006505966186, "4": 5.141167013645172, "5": 5.139329428195953}}