{"1": {"0": 5.37703574180603, "1": 5.357158401489258, "2": 5.35207423210144, "3": 5.346141704559326, "4": 5.345059324264526, "5": 5.338859544754028, "6": 5.337725461959839, "7": 5.332565448760986, "8": 5.330481756210327, "9": 5.325461574554444, "10": 5.331040386199951, "11": 5.330544467926026, "12": 5.331563049316406, "13": 5.324139879226685, "14": 5.3182762985229495, "15": 5.322568744659423, "16": 5.327209794998169, "17": 5.320586124420166, "18": 5.333741830825805, "19": 5.283332592010498}, "2": {"0": 5.154858247756958, "1": 5.156400369644165, "2": 5.161957239151001, "3": 5.170443935394287, "4": 5.175966117858887, "5": 5.176606863021851}, "3": {"0": 5.093964740753174, "1": 5.095725439071655, "2": 5.0984878215789795, "3": 5.100180557250977, "4": 5.102006958007813, "5": 5.102350317001343}, "4": {"0": 5.094023494720459, "1": 5.094197616577149, "2": 5.0944482002258304, "3": 5.0947271175384525, "4": 5.095087202072143, "5": 5.09513858795166}, "5": {"0": 5.094004196166992, "1": 5.094026279449463, "2": 5.094043731689453, "3": 5.094073040008545, "4": 5.0941103515625, "5": 5.09411403465271}}