{"1": {"0": 5.689868940353394, "1": 5.677034601211548, "2": 5.662760160446167, "3": 5.658731735229492, "4": 5.65349160194397, "5": 5.648174018859863, "6": 5.651113624572754, "7": 5.650467037200928, "8": 5.646790822982788, "9": 5.6454778633117675, "10": 5.644122379302979, "11": 5.643330669403076, "12": 5.6405259838104245, "13": 5.635231246948242, "14": 5.640875320434571, "15": 5.631880554199219, "16": 5.642813892364502, "17": 5.635826128005982, "18": 5.632871906280518, "19": 5.641935653686524}, "2": {"0": 5.442684684753418, "1": 5.445762617111206, "2": 5.4551103401184085, "3": 5.465369714736939, "4": 5.471684352874756, "5": 5.472616146087646}, "3": {"0": 5.39532801437378, "1": 5.396801771163941, "2": 5.399053802490235, "3": 5.401776109695435, "4": 5.4050006027221675, "5": 5.405451725006103}, "4": {"0": 5.371616851806641, "1": 5.371867500305176, "2": 5.3720821838378905, "3": 5.372424869537354, "4": 5.372833992004394, "5": 5.372901573181152}, "5": {"0": 5.387698432922363, "1": 5.387738904953003, "2": 5.387768894195557, "3": 5.38780209350586, "4": 5.3878543739318845, "5": 5.387860134124756}}