{"1": {"0": 5.835192709445954, "1": 5.6604983530044555, "2": 5.6346743211746215, "3": 5.615700042724609, "4": 5.603048939704895, "5": 5.591113012313842, "6": 5.582053290843963, "7": 5.5771092462539675, "8": 5.568169087409973, "9": 5.563246848106385, "10": 5.557827612876892, "11": 5.552265805721283, "12": 5.547474058151245, "13": 5.541077078819275, "14": 5.538240818977356, "15": 5.534697737216949, "16": 5.531195321083069, "17": 5.5289170923233035, "18": 5.523817791938781, "19": 5.519760016441345}, "2": {"0": 5.491230011463165, "1": 5.471336080551147, "2": 5.457970591068268, "3": 5.453242042064667, "4": 5.444219994544983, "5": 5.4285250983238225}, "3": {"0": 5.443354481220245, "1": 5.4443438520431515, "2": 5.441824049949646, "3": 5.44200576877594, "4": 5.436271151542663, "5": 5.434380948066711}, "4": {"0": 5.445654661655426, "1": 5.441727932453156, "2": 5.443051037788391, "3": 5.442183428287506, "4": 5.4424641284942625, "5": 5.4424084076881405}, "5": {"0": 5.439254360675812, "1": 5.438643418312073, "2": 5.439323796272278, "3": 5.4393871598243715, "4": 5.4420453634262085, "5": 5.438642144680023}}